ANGLE,X,Y
0,0,0
1,0,1
2,0,2
3,0,3
4,0,4
5,0,5
6,0,7
7,1,8
8,1,9
9,1,10
10,2,11
11,2,12
12,2,14
13,3,15
14,4,16
15,4,17
16,5,18
17,5,19
18,6,20
19,7,21
20,8,22
21,9,23
22,9,24
23,10,25
24,11,26
25,12,27
26,13,28
27,14,28
28,15,29
29,16,30
30,18,31
31,19,31
32,20,32
33,21,33
34,22,33
35,24,34
36,25,34
37,26,35
38,28,35
39,29,36
40,30,36
41,32,37
42,33,37
43,35,37
44,36,37
45,38,38
46,39,38
47,41,38
48,42,38
49,44,38
50,45,38
51,47,38
52,49,38
53,50,38
54,52,38
55,54,37
56,55,37
57,57,37
58,59,36
59,60,36
60,62,35
61,64,35
62,65,34
63,67,34
64,69,33
65,70,32
66,72,32
67,74,31
68,75,30
69,77,29
70,78,28
71,80,27
72,82,26
73,83,25
74,85,24
75,86,23
76,88,22
77,90,20
78,91,19
79,93,18
80,94,16
81,96,15
82,97,13
83,98,12
84,100,10
85,101,8
86,102,7
87,104,5
88,105,3
89,106,1
90,107,-0
91,109,-1
92,110,-3
93,111,-5
94,112,-7
95,113,-9
96,114,-12
97,115,-14
98,116,-16
99,117,-18
100,118,-20
101,118,-23
102,119,-25
103,120,-27
104,121,-30
105,121,-32
106,122,-35
107,122,-37
108,123,-40
109,123,-42
110,124,-45
111,124,-47
112,124,-50
113,124,-52
114,124,-55
115,125,-58
116,125,-61
117,125,-63
118,125,-66
119,124,-69
120,124,-71
121,124,-74
122,124,-77
123,123,-80
124,123,-83
125,122,-86
126,122,-88
127,121,-91
128,121,-94
129,120,-97
130,119,-100
131,118,-103
132,117,-105
133,116,-108
134,115,-111
135,114,-114
136,113,-117
137,112,-120
138,110,-123
139,109,-125
140,107,-128
141,106,-131
142,104,-134
143,103,-137
144,101,-139
145,99,-142
146,97,-145
147,96,-147
148,94,-150
149,92,-153
150,89,-155
151,87,-158
152,85,-161
153,83,-163
154,81,-166
155,78,-168
156,76,-171
157,73,-173
158,71,-175
159,68,-178
160,65,-180
161,62,-182
162,60,-184
163,57,-187
164,54,-189
165,51,-191
166,48,-193
167,45,-195
168,41,-197
169,38,-199
170,35,-200
171,32,-202
172,28,-204
173,25,-206
174,21,-207
175,18,-209
176,14,-210
177,11,-212
178,7,-213
179,3,-214
180,0,-215
181,-3,-217
182,-7,-218
183,-11,-219
184,-15,-220
185,-19,-221
186,-23,-221
187,-27,-222
188,-31,-223
189,-35,-224
190,-39,-224
191,-43,-224
192,-47,-225
193,-52,-225
194,-56,-225
195,-60,-226
196,-64,-226
197,-69,-226
198,-73,-225
199,-77,-225
200,-82,-225
201,-86,-225
202,-90,-224
203,-95,-224
204,-99,-223
205,-103,-222
206,-108,-222
207,-112,-221
208,-117,-220
209,-121,-219
210,-125,-218
211,-130,-217
212,-134,-215
213,-139,-214
214,-143,-212
215,-147,-211
216,-152,-209
217,-156,-207
218,-161,-206
219,-165,-204
220,-169,-202
221,-173,-200
222,-178,-197
223,-182,-195
224,-186,-193
225,-190,-190
226,-195,-188
227,-199,-185
228,-203,-183
229,-207,-180
230,-211,-177
231,-215,-174
232,-219,-171
233,-223,-168
234,-227,-165
235,-231,-161
236,-234,-158
237,-238,-154
238,-242,-151
239,-245,-147
240,-249,-143
241,-252,-140
242,-256,-136
243,-259,-132
244,-263,-128
245,-266,-124
246,-269,-120
247,-272,-115
248,-275,-111
249,-278,-107
250,-281,-102
251,-284,-98
252,-287,-93
253,-290,-88
254,-292,-84
255,-295,-79
256,-298,-74
257,-300,-69
258,-302,-64
259,-305,-59
260,-307,-54
261,-309,-48
262,-311,-43
263,-313,-38
264,-315,-33
265,-316,-27
266,-318,-22
267,-319,-16
268,-321,-11
269,-322,-5
270,-324,0
271,-325,5
272,-326,11
273,-327,17
274,-327,22
275,-328,28
276,-329,34
277,-329,40
278,-330,46
279,-330,52
280,-330,58
281,-331,64
282,-331,70
283,-330,76
284,-330,82
285,-330,88
286,-329,94
287,-329,100
288,-328,106
289,-327,112
290,-327,119
291,-326,125
292,-324,131
293,-323,137
294,-322,143
295,-320,149
296,-319,155
297,-317,161
298,-315,167
299,-313,173
300,-311,179
301,-309,186
302,-307,192
303,-304,198
304,-302,203
305,-299,209
306,-297,215
307,-294,221
308,-291,227
309,-288,233
310,-284,239
311,-281,244
312,-278,250
313,-274,256
314,-271,261
315,-267,267
316,-263,272
317,-259,278
318,-255,283
319,-251,288
320,-246,294
321,-242,299
322,-237,304
323,-233,309
324,-228,314
325,-223,319
326,-218,324
327,-213,329
328,-208,333
329,-203,338
330,-198,342
331,-192,347
332,-187,351
333,-181,356
334,-175,360
335,-169,364
336,-163,368
337,-158,372
338,-151,376
339,-145,379
340,-139,383
341,-133,386
342,-126,390
343,-120,393
344,-113,396
345,-107,399
346,-100,402
347,-93,405
348,-86,408
349,-79,411
350,-72,413
351,-65,416
352,-58,418
353,-51,420
354,-44,422
355,-37,424
356,-29,426
357,-22,427
358,-14,429
359,-7,430
360,0,432
0,0,433
1,7,434
2,15,435
3,22,436
4,30,436
5,38,437
6,46,437
7,53,438
8,61,438
9,69,438
10,77,438
11,85,438
12,93,437
13,100,437
14,108,436
15,116,435
16,124,434
17,132,433
18,140,432
19,148,431
20,156,429
21,164,427
22,172,426
23,180,424
24,187,422
25,195,419
26,203,417
27,211,414
28,219,412
29,226,409
30,234,406
31,242,403
32,249,399
33,257,396
34,265,392
35,272,389
36,280,385
37,287,381
38,294,377
39,302,373
40,309,368
41,316,364
42,323,359
43,330,354
44,337,349
45,344,344
46,351,339
47,358,333
48,364,328
49,371,322
50,377,317
51,384,311
52,390,305
53,396,298
54,402,292
55,408,286
56,414,279
57,420,273
58,426,266
59,432,259
60,437,252
61,442,245
62,448,238
63,453,230
64,458,223
65,463,216
66,468,208
67,472,200
68,477,192
69,481,184
70,486,176
71,490,168
72,494,160
73,498,152
74,501,143
75,505,135
76,508,126
77,512,118
78,515,109
79,518,100
80,521,91
81,523,82
82,526,73
83,528,64
84,531,55
85,533,46
86,535,37
87,536,28
88,538,18
89,539,9
90,541,-0
91,542,-9
92,543,-18
93,544,-28
94,544,-38
95,545,-47
96,545,-57
97,545,-66
98,545,-76
99,545,-86
100,544,-96
101,544,-105
102,543,-115
103,542,-125
104,541,-134
105,540,-144
106,538,-154
107,537,-164
108,535,-173
109,533,-183
110,531,-193
111,528,-202
112,526,-212
113,523,-222
114,520,-231
115,517,-241
116,514,-250
117,511,-260
118,507,-269
119,503,-279
120,499,-288
121,495,-297
122,491,-307
123,487,-316
124,482,-325
125,477,-334
126,472,-343
127,467,-352
128,462,-361
129,456,-370
130,451,-378
131,445,-387
132,439,-395
133,433,-404
134,427,-412
135,420,-420
136,414,-429
137,407,-437
138,400,-444
139,393,-452
140,386,-460
141,379,-468
142,371,-475
143,363,-483
144,356,-490
145,348,-497
146,340,-504
147,332,-511
148,323,-517
149,315,-524
150,306,-531
151,297,-537
152,289,-543
153,280,-549
154,270,-555
155,261,-561
156,252,-566
157,242,-572
158,233,-577
159,223,-582
160,213,-587
161,203,-592
162,193,-596
163,183,-601
164,173,-605
165,163,-609
166,152,-613
167,142,-617
168,131,-620
169,121,-624
170,110,-627
171,99,-630
172,89,-633
173,78,-636
174,67,-638
175,56,-640
176,44,-642
177,33,-644
178,22,-646
179,11,-647
180,0,-649
181,-11,-650
182,-22,-651
183,-34,-651
184,-45,-652
185,-57,-652
186,-68,-652
187,-80,-652
188,-91,-652
189,-103,-651
190,-114,-651
191,-126,-650
192,-137,-649
193,-149,-647
194,-161,-646
195,-172,-644
196,-184,-642
197,-195,-640
198,-207,-637
199,-218,-635
200,-230,-632
201,-241,-629
202,-253,-626
203,-264,-623
204,-275,-619
205,-287,-615
206,-298,-611
207,-309,-607
208,-320,-602
209,-331,-598
210,-342,-593
211,-353,-588
212,-364,-583
213,-375,-577
214,-385,-572
215,-396,-566
216,-406,-560
217,-417,-553
218,-427,-547
219,-438,-540
220,-448,-534
221,-458,-527
222,-468,-519
223,-477,-512
224,-487,-504
225,-497,-497
226,-506,-489
227,-516,-481
228,-525,-472
229,-534,-464
230,-543,-455
231,-552,-447
232,-560,-438
233,-569,-428
234,-577,-419
235,-585,-410
236,-593,-400
237,-601,-390
238,-609,-380
239,-617,-370
240,-624,-360
241,-631,-350
242,-638,-339
243,-645,-329
244,-652,-318
245,-659,-307
246,-665,-296
247,-671,-285
248,-677,-273
249,-683,-262
250,-688,-250
251,-694,-239
252,-699,-227
253,-704,-215
254,-709,-203
255,-714,-191
256,-718,-179
257,-722,-166
258,-726,-154
259,-730,-141
260,-733,-129
261,-737,-116
262,-740,-104
263,-743,-91
264,-745,-78
265,-748,-65
266,-750,-52
267,-752,-39
268,-754,-26
269,-755,-13
270,-757,0
271,-758,13
272,-759,26
273,-759,39
274,-760,53
275,-760,66
276,-760,79
277,-759,93
278,-759,106
279,-758,120
280,-757,133
281,-756,147
282,-754,160
283,-752,173
284,-751,187
285,-748,200
286,-746,214
287,-743,227
288,-740,240
289,-737,253
290,-734,267
291,-730,280
292,-726,293
293,-722,306
294,-718,319
295,-713,332
296,-708,345
297,-703,358
298,-698,371
299,-692,383
300,-686,396
301,-680,409
302,-674,421
303,-668,433
304,-661,446
305,-654,458
306,-647,470
307,-640,482
308,-632,494
309,-624,505
310,-616,517
311,-608,529
312,-600,540
313,-591,551
314,-582,562
315,-573,573
316,-564,584
317,-554,595
318,-545,605
319,-535,615
320,-525,626
321,-515,636
322,-504,645
323,-493,655
324,-483,665
325,-472,674
326,-461,683
327,-449,692
328,-438,701
329,-426,709
330,-414,718
331,-402,726
332,-390,734
333,-378,742
334,-365,749
335,-352,756
336,-340,764
337,-327,771
338,-314,777
339,-301,784
340,-287,790
341,-274,796
342,-260,802
343,-246,807
344,-233,813
345,-219,818
346,-205,823
347,-191,827
348,-176,832
349,-162,836
350,-148,840
351,-133,843
352,-119,847
353,-104,850
354,-89,853
355,-74,855
356,-60,858
357,-45,860
358,-30,862
359,-15,863
360,0,865
0,0,866
1,15,867
2,30,868
3,45,868
4,60,869
5,76,869
6,91,868
7,106,868
8,121,867
9,137,866
10,152,865
11,167,863
12,183,861
13,198,859
14,213,856
15,228,854
16,244,851
17,259,848
18,274,844
19,289,840
20,304,836
21,319,832
22,334,827
23,349,822
24,364,817
25,378,812
26,393,806
27,408,800
28,422,794
29,436,788
30,451,781
31,465,774
32,479,767
33,493,759
34,507,752
35,521,744
36,534,735
37,548,727
38,561,718
39,574,709
40,587,700
41,600,691
42,613,681
43,626,671
44,638,661
45,650,650
46,662,640
47,674,629
48,686,618
49,698,606
50,709,595
51,720,583
52,731,571
53,742,559
54,753,547
55,763,534
56,773,522
57,783,509
58,793,496
59,803,482
60,812,469
61,821,455
62,830,441
63,839,427
64,847,413
65,855,399
66,863,384
67,871,369
68,878,355
69,886,340
70,893,325
71,899,309
72,906,294
73,912,278
74,918,263
75,923,247
76,929,231
77,934,215
78,939,199
79,943,183
80,947,167
81,951,150
82,955,134
83,958,117
84,961,101
85,964,84
86,967,67
87,969,50
88,971,33
89,973,16
90,974,-0
91,975,-17
92,976,-34
93,976,-51
94,976,-68
95,976,-85
96,976,-102
97,975,-119
98,974,-136
99,973,-154
100,971,-171
101,969,-188
102,967,-205
103,964,-222
104,961,-239
105,958,-256
106,955,-273
107,951,-290
108,947,-307
109,942,-324
110,938,-341
111,933,-358
112,927,-374
113,922,-391
114,916,-408
115,910,-424
116,903,-440
117,897,-457
118,890,-473
119,882,-489
120,875,-505
121,867,-521
122,858,-536
123,850,-552
124,841,-567
125,832,-582
126,823,-598
127,813,-613
128,803,-627
129,793,-642
130,783,-657
131,772,-671
132,761,-685
133,750,-699
134,738,-713
135,727,-727
136,715,-740
137,703,-753
138,690,-766
139,677,-779
140,664,-792
141,651,-804
142,638,-817
143,624,-828
144,610,-840
145,596,-852
146,582,-863
147,567,-874
148,553,-885
149,538,-895
150,523,-906
151,507,-916
152,492,-926
153,476,-935
154,460,-944
155,444,-953
156,428,-962
157,412,-970
158,395,-979
159,378,-986
160,361,-994
161,344,-1001
162,327,-1008
163,310,-1015
164,293,-1022
165,275,-1028
166,257,-1033
167,239,-1039
168,222,-1044
169,204,-1049
170,185,-1054
171,167,-1058
172,149,-1062
173,130,-1065
174,112,-1069
175,93,-1072
176,75,-1074
177,56,-1077
178,37,-1079
179,18,-1081
180,0,-1082
181,-18,-1083
182,-37,-1084
183,-56,-1084
184,-75,-1084
185,-94,-1084
186,-113,-1083
187,-132,-1082
188,-151,-1081
189,-171,-1079
190,-190,-1077
191,-209,-1075
192,-228,-1072
193,-246,-1069
194,-265,-1066
195,-284,-1062
196,-303,-1058
197,-322,-1054
198,-341,-1049
199,-359,-1044
200,-378,-1039
201,-396,-1034
202,-415,-1028
203,-433,-1021
204,-451,-1015
205,-470,-1008
206,-488,-1000
207,-506,-993
208,-523,-985
209,-541,-977
210,-559,-968
211,-576,-959
212,-593,-950
213,-611,-940
214,-628,-931
215,-644,-921
216,-661,-910
217,-678,-899
218,-694,-888
219,-710,-877
220,-726,-865
221,-742,-854
222,-757,-841
223,-773,-829
224,-788,-816
225,-803,-803
226,-818,-790
227,-832,-776
228,-847,-762
229,-861,-748
230,-875,-734
231,-888,-719
232,-902,-704
233,-915,-689
234,-928,-674
235,-940,-658
236,-953,-642
237,-965,-626
238,-976,-610
239,-988,-593
240,-999,-577
241,-1010,-560
242,-1021,-543
243,-1031,-525
244,-1041,-508
245,-1051,-490
246,-1061,-472
247,-1070,-454
248,-1079,-436
249,-1087,-417
250,-1096,-398
251,-1103,-380
252,-1111,-361
253,-1118,-342
254,-1125,-322
255,-1132,-303
256,-1138,-283
257,-1144,-264
258,-1150,-244
259,-1155,-224
260,-1160,-204
261,-1165,-184
262,-1169,-164
263,-1173,-144
264,-1176,-123
265,-1179,-103
266,-1182,-82
267,-1185,-62
268,-1187,-41
269,-1189,-20
270,-1190,0
271,-1191,20
272,-1192,41
273,-1192,62
274,-1192,83
275,-1191,104
276,-1191,125
277,-1189,146
278,-1188,167
279,-1186,187
280,-1184,208
281,-1181,229
282,-1178,250
283,-1175,271
284,-1171,292
285,-1167,312
286,-1162,333
287,-1157,354
288,-1152,374
289,-1147,394
290,-1141,415
291,-1134,435
292,-1128,455
293,-1121,475
294,-1113,495
295,-1106,515
296,-1097,535
297,-1089,555
298,-1080,574
299,-1071,593
300,-1062,613
301,-1052,632
302,-1042,651
303,-1031,669
304,-1020,688
305,-1009,706
306,-998,725
307,-986,743
308,-973,760
309,-961,778
310,-948,796
311,-935,813
312,-922,830
313,-908,847
314,-894,863
315,-879,879
316,-865,896
317,-850,911
318,-835,927
319,-819,942
320,-803,957
321,-787,972
322,-771,987
323,-754,1001
324,-737,1015
325,-720,1029
326,-703,1042
327,-685,1055
328,-667,1068
329,-649,1081
330,-631,1093
331,-612,1105
332,-593,1116
333,-574,1128
334,-555,1138
335,-536,1149
336,-516,1159
337,-496,1169
338,-476,1179
339,-456,1188
340,-435,1197
341,-415,1206
342,-394,1214
343,-373,1222
344,-352,1229
345,-331,1236
346,-310,1243
347,-288,1249
348,-266,1255
349,-245,1261
350,-223,1266
351,-201,1271
352,-179,1276
353,-157,1280
354,-134,1284
355,-112,1287
356,-90,1290
357,-67,1293
358,-45,1295
359,-22,1297
360,0,1298
0,0,1299
1,22,1300
2,45,1301
3,68,1301
4,90,1301
5,113,1300
6,136,1299
7,159,1298
8,182,1296
9,204,1294
10,227,1291
11,250,1288
12,273,1285
13,295,1281
14,318,1277
15,341,1272
16,363,1267
17,385,1262
18,408,1256
19,430,1250
20,452,1243
21,474,1236
22,496,1229
23,518,1221
24,540,1213
25,561,1205
26,583,1196
27,604,1186
28,625,1177
29,646,1167
30,667,1156
31,688,1145
32,709,1134
33,729,1123
34,749,1111
35,769,1098
36,789,1086
37,808,1073
38,828,1060
39,847,1046
40,866,1032
41,884,1017
42,903,1003
43,921,988
44,939,972
45,957,957
46,974,941
47,991,924
48,1008,908
49,1025,891
50,1041,873
51,1057,856
52,1073,838
53,1088,820
54,1103,801
55,1118,783
56,1133,764
57,1147,745
58,1161,725
59,1174,705
60,1187,685
61,1200,665
62,1213,645
63,1225,624
64,1237,603
65,1248,582
66,1259,560
67,1270,539
68,1280,517
69,1290,495
70,1300,473
71,1309,450
72,1318,428
73,1326,405
74,1334,382
75,1342,359
76,1349,336
77,1356,313
78,1362,289
79,1368,266
80,1374,242
81,1379,218
82,1384,194
83,1388,170
84,1392,146
85,1396,122
86,1399,97
87,1402,73
88,1404,49
89,1406,24
90,1407,-0
91,1408,-24
92,1409,-49
93,1409,-73
94,1408,-98
95,1408,-123
96,1407,-147
97,1405,-172
98,1403,-197
99,1400,-221
100,1398,-246
101,1394,-271
102,1390,-295
103,1386,-320
104,1382,-344
105,1377,-368
106,1371,-393
107,1365,-417
108,1359,-441
109,1352,-465
110,1345,-489
111,1337,-513
112,1329,-537
113,1321,-560
114,1312,-584
115,1302,-607
116,1293,-630
117,1283,-653
118,1272,-676
119,1261,-699
120,1250,-721
121,1238,-744
122,1226,-766
123,1213,-788
124,1200,-809
125,1187,-831
126,1173,-852
127,1159,-873
128,1145,-894
129,1130,-915
130,1115,-935
131,1099,-955
132,1083,-975
133,1067,-995
134,1050,-1014
135,1033,-1033
136,1016,-1052
137,998,-1070
138,980,-1088
139,962,-1106
140,943,-1124
141,924,-1141
142,905,-1158
143,885,-1174
144,865,-1191
145,845,-1207
146,824,-1222
147,803,-1237
148,782,-1252
149,761,-1267
150,739,-1281
151,717,-1295
152,695,-1308
153,673,-1321
154,650,-1334
155,627,-1346
156,604,-1358
157,581,-1369
158,557,-1380
159,534,-1391
160,510,-1401
161,486,-1411
162,461,-1420
163,437,-1429
164,412,-1438
165,387,-1446
166,362,-1454
167,337,-1461
168,312,-1468
169,286,-1474
170,261,-1480
171,235,-1486
172,209,-1491
173,183,-1495
174,157,-1500
175,131,-1503
176,105,-1507
177,79,-1509
178,52,-1512
179,26,-1514
180,0,-1515
181,-26,-1516
182,-52,-1517
183,-79,-1517
184,-106,-1516
185,-132,-1515
186,-159,-1514
187,-185,-1512
188,-212,-1510
189,-238,-1507
190,-265,-1504
191,-291,-1500
192,-318,-1496
193,-344,-1491
194,-370,-1486
195,-396,-1481
196,-423,-1475
197,-449,-1468
198,-475,-1461
199,-500,-1454
200,-526,-1446
201,-552,-1438
202,-577,-1429
203,-602,-1420
204,-628,-1410
205,-653,-1400
206,-678,-1390
207,-702,-1379
208,-727,-1367
209,-751,-1355
210,-775,-1343
211,-799,-1330
212,-823,-1317
213,-847,-1304
214,-870,-1290
215,-893,-1275
216,-916,-1261
217,-938,-1245
218,-961,-1230
219,-983,-1214
220,-1005,-1197
221,-1026,-1180
222,-1047,-1163
223,-1068,-1146
224,-1089,-1128
225,-1109,-1109
226,-1129,-1091
227,-1149,-1072
228,-1169,-1052
229,-1188,-1032
230,-1206,-1012
231,-1225,-992
232,-1243,-971
233,-1261,-950
234,-1278,-928
235,-1295,-907
236,-1312,-885
237,-1328,-862
238,-1344,-840
239,-1359,-817
240,-1374,-793
241,-1389,-770
242,-1403,-746
243,-1417,-722
244,-1431,-698
245,-1444,-673
246,-1456,-648
247,-1469,-623
248,-1480,-598
249,-1492,-572
250,-1503,-547
251,-1513,-521
252,-1523,-495
253,-1533,-468
254,-1542,-442
255,-1550,-415
256,-1559,-388
257,-1566,-361
258,-1574,-334
259,-1580,-307
260,-1587,-279
261,-1592,-252
262,-1598,-224
263,-1603,-196
264,-1607,-168
265,-1611,-140
266,-1614,-112
267,-1617,-84
268,-1620,-56
269,-1622,-28
270,-1623,0
271,-1624,28
272,-1624,56
273,-1624,85
274,-1624,113
275,-1623,142
276,-1621,170
277,-1619,198
278,-1617,227
279,-1614,255
280,-1610,284
281,-1606,312
282,-1602,340
283,-1597,368
284,-1591,396
285,-1585,424
286,-1579,452
287,-1572,480
288,-1564,508
289,-1556,536
290,-1548,563
291,-1539,590
292,-1529,618
293,-1519,645
294,-1509,672
295,-1498,698
296,-1487,725
297,-1475,751
298,-1463,777
299,-1450,803
300,-1437,829
301,-1423,855
302,-1409,880
303,-1394,905
304,-1379,930
305,-1364,955
306,-1348,979
307,-1332,1003
308,-1315,1027
309,-1298,1051
310,-1280,1074
311,-1262,1097
312,-1244,1120
313,-1225,1142
314,-1205,1164
315,-1186,1186
316,-1166,1207
317,-1145,1228
318,-1124,1249
319,-1103,1269
320,-1082,1289
321,-1060,1309
322,-1037,1328
323,-1015,1347
324,-992,1365
325,-969,1384
326,-945,1401
327,-921,1419
328,-897,1435
329,-872,1452
330,-847,1468
331,-822,1484
332,-797,1499
333,-771,1513
334,-745,1528
335,-719,1542
336,-692,1555
337,-665,1568
338,-638,1581
339,-611,1593
340,-584,1604
341,-556,1615
342,-528,1626
343,-500,1636
344,-471,1646
345,-443,1655
346,-414,1663
347,-386,1672
348,-357,1679
349,-327,1686
350,-298,1693
351,-269,1699
352,-239,1705
353,-210,1710
354,-180,1714
355,-150,1719
356,-120,1722
357,-90,1725
358,-60,1728
359,-30,1730
360,0,1731
0,500,8400
1,506,8399
2,513,8398
3,520,8397
4,527,8397
5,534,8395
6,541,8394
7,548,8393
8,555,8392
9,561,8390
10,568,8388
11,575,8387
12,581,8385
13,588,8383
14,595,8381
15,601,8379
16,608,8376
17,614,8374
18,620,8371
19,627,8369
20,633,8366
21,639,8363
22,645,8360
23,651,8357
24,657,8354
25,663,8351
26,669,8347
27,675,8344
28,681,8340
29,686,8337
30,692,8333
31,698,8329
32,703,8325
33,708,8321
34,714,8317
35,719,8313
36,724,8309
37,729,8304
38,734,8300
39,739,8295
40,744,8291
41,748,8286
42,753,8281
43,758,8276
44,762,8271
45,766,8266
46,771,8261
47,775,8256
48,779,8251
49,783,8246
50,787,8241
51,791,8235
52,794,8230
53,798,8224
54,801,8219
55,805,8213
56,808,8208
57,811,8202
58,814,8196
59,817,8190
60,820,8185
61,823,8179
62,825,8173
63,828,8167
64,830,8161
65,833,8155
66,835,8149
67,837,8143
68,839,8137
69,841,8130
70,842,8124
71,844,8118
72,846,8112
73,847,8106
74,848,8100
75,850,8093
76,851,8087
77,852,8081
78,853,8075
79,853,8068
80,854,8062
81,855,8056
82,855,8049
83,855,8043
84,856,8037
85,856,8031
86,856,8024
87,856,8018
88,855,8012
89,855,8006
90,855,8000
91,854,7993
92,853,7987
93,853,7981
94,852,7975
95,851,7969
96,850,7963
97,848,7957
98,847,7951
99,846,7945
100,844,7939
101,843,7933
102,841,7927
103,839,7921
104,837,7915
105,835,7910
106,833,7904
107,831,7898
108,829,7893
109,826,7887
110,824,7882
111,821,7876
112,818,7871
113,816,7865
114,813,7860
115,810,7855
116,807,7850
117,804,7844
118,801,7839
119,797,7834
120,794,7830
121,791,7825
122,787,7820
123,783,7815
124,780,7810
125,776,7806
126,772,7801
127,768,7797
128,764,7793
129,760,7788
130,756,7784
131,752,7780
132,748,7776
133,743,7772
134,739,7768
135,735,7764
136,730,7761
137,726,7757
138,721,7754
139,716,7750
140,712,7747
141,707,7743
142,702,7740
143,697,7737
144,692,7734
145,687,7731
146,682,7728
147,677,7726
148,672,7723
149,667,7720
150,662,7718
151,657,7716
152,652,7713
153,646,7711
154,641,7709
155,636,7707
156,630,7705
157,625,7704
158,620,7702
159,614,7700
160,609,7699
161,604,7697
162,598,7696
163,593,7695
164,587,7694
165,582,7693
166,576,7692
167,571,7691
168,565,7690
169,560,7690
170,554,7689
171,549,7689
172,543,7689
173,538,7688
174,532,7688
175,527,7688
176,521,7688
177,516,7688
178,510,7689
179,505,7689
180,500,7690
181,494,7690
182,489,7691
183,483,7691
184,478,7692
185,473,7693
186,467,7694
187,462,7695
188,457,7696
189,452,7698
190,447,7699
191,441,7701
192,436,7702
193,431,7704
194,426,7706
195,421,7707
196,416,7709
197,411,7711
198,406,7713
199,402,7715
200,397,7718
201,392,7720
202,387,7722
203,383,7725
204,378,7727
205,374,7730
206,369,7733
207,365,7735
208,361,7738
209,356,7741
210,352,7744
211,348,7747
212,344,7750
213,340,7753
214,336,7757
215,332,7760
216,328,7763
217,324,7767
218,320,7770
219,317,7774
220,313,7777
221,310,7781
222,306,7785
223,303,7789
224,299,7792
225,296,7796
226,293,7800
227,290,7804
228,287,7808
229,284,7812
230,281,7816
231,278,7820
232,276,7825
233,273,7829
234,271,7833
235,268,7837
236,266,7842
237,263,7846
238,261,7851
239,259,7855
240,257,7860
241,255,7864
242,253,7869
243,251,7873
244,250,7878
245,248,7882
246,246,7887
247,245,7891
248,244,7896
249,242,7901
250,241,7905
251,240,7910
252,239,7915
253,238,7920
254,237,7924
255,236,7929
256,236,7934
257,235,7938
258,234,7943
259,234,7948
260,234,7953
261,233,7957
262,233,7962
263,233,7967
264,233,7971
265,233,7976
266,233,7981
267,233,7986
268,234,7990
269,234,7995
270,235,8000
271,235,8004
272,236,8009
273,236,8013
274,237,8018
275,238,8022
276,239,8027
277,240,8031
278,241,8036
279,242,8040
280,243,8045
281,245,8049
282,246,8053
283,248,8058
284,249,8062
285,251,8066
286,252,8070
287,254,8074
288,256,8079
289,258,8083
290,260,8087
291,262,8091
292,264,8095
293,266,8099
294,268,8102
295,271,8106
296,273,8110
297,275,8114
298,278,8117
299,280,8121
300,283,8124
301,286,8128
302,288,8131
303,291,8135
304,294,8138
305,297,8141
306,300,8145
307,303,8148
308,306,8151
309,309,8154
310,312,8157
311,315,8160
312,318,8163
313,321,8166
314,325,8168
315,328,8171
316,331,8174
317,335,8176
318,338,8179
319,342,8181
320,345,8183
321,349,8186
322,352,8188
323,356,8190
324,360,8192
325,363,8194
326,367,8196
327,371,8198
328,374,8200
329,378,8201
330,382,8203
331,386,8205
332,390,8206
333,393,8208
334,397,8209
335,401,8210
336,405,8211
337,409,8213
338,413,8214
339,417,8215
340,421,8216
341,425,8216
342,429,8217
343,433,8218
344,437,8219
345,441,8219
346,445,8220
347,449,8220
348,453,8221
349,456,8221
350,460,8221
351,464,8221
352,468,8221
353,472,8221
354,476,8221
355,480,8221
356,484,8221
357,488,8221
358,492,8220
359,496,8220
360,500,8220
0,500,8219
1,503,8218
2,507,8218
3,511,8217
4,515,8216
5,518,8216
6,522,8215
7,526,8214
8,529,8213
9,533,8212
10,537,8211
11,540,8210
12,544,8208
13,547,8207
14,551,8206
15,554,8204
16,558,8203
17,561,8201
18,565,8200
19,568,8198
20,571,8196
21,574,8195
22,578,8193
23,581,8191
24,584,8189
25,587,8187
26,590,8185
27,593,8183
28,596,8181
29,599,8179
30,602,8177
31,605,8174
32,607,8172
33,610,8170
34,613,8167
35,615,8165
36,618,8163
37,620,8160
38,623,8157
39,625,8155
40,628,8152
41,630,8150
42,632,8147
43,635,8144
44,637,8142
45,639,8139
46,641,8136
47,643,8133
48,645,8130
49,647,8127
50,648,8125
51,650,8122
52,652,8119
53,654,8116
54,655,8113
55,657,8110
56,658,8107
57,660,8104
58,661,8100
59,662,8097
60,664,8094
61,665,8091
62,666,8088
63,667,8085
64,668,8082
65,669,8079
66,670,8075
67,671,8072
68,671,8069
69,672,8066
70,673,8063
71,673,8059
72,674,8056
73,675,8053
74,675,8050
75,675,8047
76,676,8043
77,676,8040
78,676,8037
79,676,8034
80,676,8031
81,676,8028
82,676,8024
83,676,8021
84,676,8018
85,676,8015
86,676,8012
87,675,8009
88,675,8006
89,674,8003
90,674,8000
91,673,7996
92,673,7993
93,672,7990
94,672,7987
95,671,7985
96,670,7982
97,669,7979
98,668,7976
99,667,7973
100,666,7970
101,665,7967
102,664,7964
103,663,7962
104,662,7959
105,661,7956
106,660,7954
107,658,7951
108,657,7948
109,656,7946
110,654,7943
111,653,7941
112,651,7938
113,650,7936
114,648,7933
115,646,7931
116,645,7929
117,643,7926
118,641,7924
119,639,7922
120,638,7920
121,636,7918
122,634,7916
123,632,7913
124,630,7911
125,628,7909
126,626,7908
127,624,7906
128,622,7904
129,620,7902
130,618,7900
131,616,7898
132,614,7897
133,611,7895
134,609,7894
135,607,7892
136,605,7891
137,602,7889
138,600,7888
139,598,7886
140,596,7885
141,593,7884
142,591,7882
143,589,7881
144,586,7880
145,584,7879
146,581,7878
147,579,7877
148,577,7876
149,574,7875
150,572,7874
151,569,7874
152,567,7873
153,564,7872
154,562,7871
155,560,7871
156,557,7870
157,555,7870
158,552,7869
159,550,7869
160,547,7868
161,545,7868
162,542,7868
163,540,7868
164,537,7867
165,535,7867
166,533,7867
167,530,7867
168,528,7867
169,525,7867
170,523,7867
171,520,7867
172,518,7867
173,516,7867
174,513,7868
175,511,7868
176,509,7868
177,506,7869
178,504,7869
179,502,7870
180,500,7870
181,497,7871
182,495,7871
183,493,7872
184,491,7872
185,488,7873
186,486,7874
187,484,7874
188,482,7875
189,480,7876
190,478,7877
191,476,7878
192,474,7879
193,472,7880
194,470,7881
195,468,7882
196,466,7883
197,464,7884
198,462,7885
199,460,7886
200,459,7887
201,457,7888
202,455,7890
203,453,7891
204,452,7892
205,450,7893
206,448,7895
207,447,7896
208,445,7898
209,444,7899
210,442,7900
211,441,7902
212,439,7903
213,438,7905
214,437,7906
215,435,7908
216,434,7909
217,433,7911
218,431,7912
219,430,7914
220,429,7916
221,428,7917
222,427,7919
223,426,7921
224,425,7922
225,424,7924
226,423,7926
227,422,7927
228,421,7929
229,420,7931
230,419,7932
231,419,7934
232,418,7936
233,417,7938
234,417,7939
235,416,7941
236,415,7943
237,415,7944
238,414,7946
239,414,7948
240,413,7950
241,413,7952
242,413,7953
243,412,7955
244,412,7957
245,412,7959
246,411,7960
247,411,7962
248,411,7964
249,411,7965
250,411,7967
251,411,7969
252,411,7971
253,411,7972
254,411,7974
255,411,7976
256,411,7977
257,411,7979
258,411,7981
259,411,7982
260,411,7984
261,412,7986
262,412,7987
263,412,7989
264,412,7990
265,413,7992
266,413,7993
267,414,7995
268,414,7997
269,415,7998
270,415,8000
271,416,8001
272,416,8002
273,417,8004
274,417,8005
275,418,8007
276,418,8008
277,419,8009
278,420,8011
279,420,8012
280,421,8013
281,422,8015
282,423,8016
283,423,8017
284,424,8018
285,425,8019
286,426,8021
287,427,8022
288,428,8023
289,429,8024
290,429,8025
291,430,8026
292,431,8027
293,432,8028
294,433,8029
295,434,8030
296,435,8031
297,436,8032
298,437,8033
299,438,8033
300,439,8034
301,440,8035
302,441,8036
303,442,8037
304,444,8037
305,445,8038
306,446,8039
307,447,8039
308,448,8040
309,449,8040
310,450,8041
311,451,8041
312,452,8042
313,453,8042
314,455,8043
315,456,8043
316,457,8044
317,458,8044
318,459,8044
319,460,8045
320,461,8045
321,462,8045
322,463,8046
323,465,8046
324,466,8046
325,467,8046
326,468,8046
327,469,8046
328,470,8047
329,471,8047
330,472,8047
331,473,8047
332,474,8047
333,475,8047
334,476,8047
335,478,8047
336,479,8047
337,480,8046
338,481,8046
339,482,8046
340,483,8046
341,484,8046
342,485,8046
343,485,8045
344,486,8045
345,487,8045
346,488,8045
347,489,8044
348,490,8044
349,491,8044
350,492,8043
351,493,8043
352,493,8043
353,494,8042
354,495,8042
355,496,8041
356,497,8041
357,497,8040
358,498,8040
359,499,8039
360,500,8039
0,500,8039
1,500,8038
2,501,8037
3,501,8037
4,502,8036
5,503,8036
6,503,8035
7,504,8035
8,504,8034
9,505,8034
10,505,8033
11,506,8032
12,506,8032
13,507,8031
14,507,8031
15,508,8030
16,508,8029
17,508,8029
18,509,8028
19,509,8027
20,509,8027
21,510,8026
22,510,8025
23,510,8025
24,510,8024
25,511,8024
26,511,8023
27,511,8022
28,511,8022
29,511,8021
30,512,8020
31,512,8020
32,512,8019
33,512,8018
34,512,8018
35,512,8017
36,512,8016
37,512,8016
38,512,8015
39,512,8015
40,512,8014
41,512,8013
42,512,8013
43,511,8012
44,511,8012
45,511,8011
46,511,8011
47,511,8010
48,511,8010
49,510,8009
50,510,8008
51,510,8008
52,510,8008
53,509,8007
54,509,8007
55,509,8006
56,509,8006
57,508,8005
58,508,8005
59,508,8004
60,507,8004
61,507,8004
62,507,8003
63,506,8003
64,506,8003
65,505,8002
66,505,8002
67,505,8002
68,504,8001
69,504,8001
70,503,8001
71,503,8001
72,502,8000
73,502,8000
74,501,8000
75,501,8000
76,500,8000
77,500,8000
78,500,8000
79,499,7999
80,499,7999
81,498,7999
82,498,7999
83,497,7999
84,497,7999
85,496,7999
86,496,7999
87,495,7999
88,495,7999
89,494,7999
90,494,8000
91,493,8000
92,493,8000
93,492,8000
94,492,8000
95,491,8000
96,491,8000
97,490,8001
98,490,8001
99,489,8001
100,489,8001
101,488,8002
102,488,8002
103,487,8002
104,487,8003
105,486,8003
106,486,8003
107,486,8004
108,485,8004
109,485,8005
110,484,8005
111,484,8005
112,484,8006
113,483,8006
114,483,8007
115,483,8007
116,482,8008
117,482,8008
118,482,8009
119,482,8009
120,481,8010
121,481,8011
122,481,8011
123,481,8012
124,480,8012
125,480,8013
126,480,8014
127,480,8014
128,480,8015
129,480,8016
130,480,8016
131,480,8017
132,479,8018
133,479,8018
134,479,8019
135,479,8020
136,479,8020
137,479,8021
138,479,8022
139,479,8023
140,480,8023
141,480,8024
142,480,8025
143,480,8025
144,480,8026
145,480,8027
146,480,8028
147,481,8028
148,481,8029
149,481,8030
150,482,8031
151,482,8031
152,482,8032
153,482,8033
154,483,8034
155,483,8034
156,484,8035
157,484,8036
158,485,8037
159,485,8037
160,485,8038
161,486,8039
162,487,8039
163,487,8040
164,488,8041
165,488,8042
166,489,8042
167,489,8043
168,490,8044
169,491,8044
170,492,8045
171,492,8045
172,493,8046
173,494,8047
174,494,8047
175,495,8048
176,496,8048
177,497,8049
178,498,8049
179,499,8050
180,500,8051
181,500,8051
182,501,8051
183,502,8052
184,503,8052
185,504,8053
186,505,8053
187,506,8054
188,507,8054
189,508,8054
190,509,8055
191,510,8055
192,511,8055
193,512,8056
194,514,8056
195,515,8056
196,516,8056
197,517,8056
198,518,8057
199,519,8057
200,520,8057
201,522,8057
202,523,8057
203,524,8057
204,525,8057
205,526,8057
206,528,8057
207,529,8057
208,530,8057
209,531,8057
210,533,8057
211,534,8057
212,535,8056
213,536,8056
214,538,8056
215,539,8056
216,540,8055
217,541,8055
218,543,8055
219,544,8054
220,545,8054
221,546,8053
222,548,8053
223,549,8053
224,550,8052
225,551,8051
226,553,8051
227,554,8050
228,555,8050
229,556,8049
230,558,8048
231,559,8048
232,560,8047
233,561,8046
234,563,8045
235,564,8045
236,565,8044
237,566,8043
238,567,8042
239,569,8041
240,570,8040
241,571,8039
242,572,8038
243,573,8037
244,574,8036
245,575,8035
246,576,8034
247,577,8033
248,578,8031
249,579,8030
250,580,8029
251,581,8028
252,582,8026
253,583,8025
254,584,8024
255,585,8022
256,586,8021
257,587,8020
258,588,8018
259,588,8017
260,589,8015
261,590,8014
262,591,8012
263,591,8011
264,592,8009
265,593,8008
266,593,8006
267,594,8004
268,594,8003
269,595,8001
270,596,8000
271,596,7998
272,596,7996
273,597,7994
274,597,7993
275,598,7991
276,598,7989
277,598,7987
278,599,7986
279,599,7984
280,599,7982
281,599,7980
282,599,7978
283,599,7976
284,599,7975
285,599,7973
286,599,7971
287,599,7969
288,599,7967
289,599,7965
290,599,7963
291,599,7961
292,599,7959
293,598,7957
294,598,7956
295,598,7954
296,597,7952
297,597,7950
298,597,7948
299,596,7946
300,596,7944
301,595,7942
302,594,7940
303,594,7938
304,593,7936
305,592,7934
306,592,7932
307,591,7931
308,590,7929
309,589,7927
310,588,7925
311,587,7923
312,586,7921
313,585,7919
314,584,7918
315,583,7916
316,582,7914
317,581,7912
318,580,7910
319,579,7909
320,577,7907
321,576,7905
322,575,7903
323,573,7902
324,572,7900
325,570,7898
326,569,7897
327,567,7895
328,566,7893
329,564,7892
330,563,7890
331,561,7889
332,559,7887
333,557,7886
334,556,7884
335,554,7883
336,552,7882
337,550,7880
338,548,7879
339,546,7878
340,544,7876
341,542,7875
342,540,7874
343,538,7873
344,536,7872
345,534,7871
346,532,7869
347,530,7868
348,528,7867
349,525,7866
350,523,7866
351,521,7865
352,519,7864
353,516,7863
354,514,7862
355,512,7862
356,509,7861
357,507,7860
358,504,7860
359,502,7859
360,500,7859
0,500,7858
1,497,7858
2,495,7857
3,492,7857
4,489,7856
5,487,7856
6,484,7856
7,482,7856
8,479,7855
9,477,7855
10,474,7855
11,471,7855
12,469,7855
13,466,7855
14,464,7855
15,461,7856
16,458,7856
17,456,7856
18,453,7856
19,450,7857
20,448,7857
21,445,7858
22,442,7858
23,440,7859
24,437,7859
25,434,7860
26,432,7861
27,429,7861
28,426,7862
29,424,7863
30,421,7864
31,419,7865
32,416,7866
33,413,7867
34,411,7868
35,408,7869
36,406,7870
37,403,7872
38,401,7873
39,398,7874
40,396,7876
41,393,7877
42,391,7879
43,388,7880
44,386,7882
45,384,7884
46,381,7885
47,379,7887
48,377,7889
49,374,7891
50,372,7892
51,370,7894
52,368,7896
53,365,7898
54,363,7900
55,361,7903
56,359,7905
57,357,7907
58,355,7909
59,353,7911
60,351,7914
61,349,7916
62,347,7919
63,345,7921
64,344,7923
65,342,7926
66,340,7929
67,338,7931
68,337,7934
69,335,7936
70,334,7939
71,332,7942
72,331,7945
73,329,7947
74,328,7950
75,327,7953
76,325,7956
77,324,7959
78,323,7962
79,322,7965
80,321,7968
81,320,7971
82,319,7974
83,318,7977
84,317,7980
85,316,7983
86,315,7987
87,315,7990
88,314,7993
89,314,7996
90,313,8000
91,313,8003
92,312,8006
93,312,8009
94,311,8013
95,311,8016
96,311,8019
97,311,8023
98,311,8026
99,311,8029
100,311,8033
101,311,8036
102,311,8040
103,311,8043
104,312,8046
105,312,8050
106,313,8053
107,313,8057
108,314,8060
109,314,8063
110,315,8067
111,316,8070
112,316,8073
113,317,8077
114,318,8080
115,319,8084
116,320,8087
117,321,8090
118,322,8094
119,324,8097
120,325,8100
121,326,8104
122,328,8107
123,329,8110
124,331,8113
125,332,8117
126,334,8120
127,336,8123
128,338,8126
129,339,8129
130,341,8132
131,343,8135
132,345,8138
133,347,8141
134,350,8144
135,352,8147
136,354,8150
137,356,8153
138,359,8156
139,361,8159
140,364,8162
141,366,8164
142,369,8167
143,371,8170
144,374,8172
145,377,8175
146,380,8177
147,382,8180
148,385,8182
149,388,8185
150,391,8187
151,394,8189
152,397,8192
153,401,8194
154,404,8196
155,407,8198
156,410,8200
157,414,8202
158,417,8204
159,420,8206
160,424,8208
161,427,8209
162,431,8211
163,434,8213
164,438,8214
165,442,8216
166,445,8217
167,449,8219
168,453,8220
169,456,8221
170,460,8223
171,464,8224
172,468,8225
173,472,8226
174,476,8227
175,480,8228
176,483,8228
177,487,8229
178,491,8230
179,495,8230
180,500,8231
181,504,8231
182,508,8232
183,512,8232
184,516,8232
185,520,8233
186,524,8233
187,528,8233
188,532,8233
189,536,8233
190,541,8232
191,545,8232
192,549,8232
193,553,8231
194,557,8231
195,561,8230
196,566,8230
197,570,8229
198,574,8228
199,578,8227
200,582,8226
201,586,8225
202,590,8224
203,594,8223
204,599,8222
205,603,8221
206,607,8219
207,611,8218
208,615,8216
209,619,8215
210,623,8213
211,627,8211
212,631,8209
213,635,8207
214,638,8206
215,642,8203
216,646,8201
217,650,8199
218,654,8197
219,657,8195
220,661,8192
221,665,8190
222,668,8187
223,672,8185
224,676,8182
225,679,8179
226,683,8176
227,686,8173
228,689,8170
229,693,8167
230,696,8164
231,699,8161
232,702,8158
233,706,8155
234,709,8151
235,712,8148
236,715,8145
237,718,8141
238,720,8138
239,723,8134
240,726,8130
241,729,8127
242,731,8123
243,734,8119
244,736,8115
245,739,8111
246,741,8107
247,743,8103
248,746,8099
249,748,8095
250,750,8091
251,752,8086
252,754,8082
253,756,8078
254,758,8074
255,759,8069
256,761,8065
257,763,8060
258,764,8056
259,766,8051
260,767,8047
261,768,8042
262,769,8037
263,770,8033
264,772,8028
265,772,8023
266,773,8019
267,774,8014
268,775,8009
269,775,8004
270,776,8000
271,776,7995
272,777,7990
273,777,7985
274,777,7980
275,777,7975
276,777,7970
277,777,7965
278,777,7960
279,777,7956
280,777,7951
281,776,7946
282,776,7941
283,775,7936
284,775,7931
285,774,7926
286,773,7921
287,772,7916
288,771,7911
289,770,7906
290,769,7902
291,767,7897
292,766,7892
293,765,7887
294,763,7882
295,761,7877
296,760,7873
297,758,7868
298,756,7863
299,754,7858
300,752,7854
301,750,7849
302,748,7844
303,745,7840
304,743,7835
305,740,7831
306,738,7826
307,735,7822
308,732,7818
309,730,7813
310,727,7809
311,724,7805
312,721,7800
313,717,7796
314,714,7792
315,711,7788
316,708,7784
317,704,7780
318,701,7776
319,697,7772
320,693,7769
321,690,7765
322,686,7761
323,682,7758
324,678,7754
325,674,7750
326,670,7747
327,666,7744
328,661,7740
329,657,7737
330,653,7734
331,648,7731
332,644,7728
333,639,7725
334,635,7722
335,630,7719
336,625,7717
337,621,7714
338,616,7712
339,611,7709
340,606,7707
341,601,7704
342,596,7702
343,591,7700
344,586,7698
345,581,7696
346,576,7694
347,570,7693
348,565,7691
349,560,7689
350,554,7688
351,549,7686
352,544,7685
353,538,7684
354,533,7683
355,527,7682
356,522,7681
357,516,7680
358,511,7679
359,505,7679
360,500,7678